acc,log_loss
0.8902259620555845,0.30852103414428905
0.9053875521692911,0.27803588347441294
0.9091206388335111,0.2701041975596054
0.909125425747734,0.26983717614631125
0.9073032007027748,0.2730602189236616
