acc,log_loss
0.8902259620555845,3.7914609505286054
0.9053875521692911,3.267798179800001
0.9091206388335111,3.138861934241693
0.909125425747734,3.1386966000817376
0.9073032007027748,3.201634023450785
