acc,log_loss
0.8934263327293337,0.30852103374589035
0.9065266937181762,0.2780358832297862
0.9100559475653571,0.2701041976917868
0.910147013510188,0.26983717581622285
0.9083553777663075,0.27306021900668703
